case_id,t,ell,coordinate,input,score,method,seed,iterations,span,distinct_sums
hamming_weight_interval,2,10,0,0,0,explicit Hamming-weight representation,,,10,11
hamming_weight_interval,2,10,0,1,1,explicit Hamming-weight representation,,,10,11
hamming_weight_interval,2,10,1,0,0,explicit Hamming-weight representation,,,10,11
hamming_weight_interval,2,10,1,1,1,explicit Hamming-weight representation,,,10,11
hamming_weight_interval,2,10,2,0,0,explicit Hamming-weight representation,,,10,11
hamming_weight_interval,2,10,2,1,1,explicit Hamming-weight representation,,,10,11
hamming_weight_interval,2,10,3,0,0,explicit Hamming-weight representation,,,10,11
hamming_weight_interval,2,10,3,1,1,explicit Hamming-weight representation,,,10,11
hamming_weight_interval,2,10,4,0,0,explicit Hamming-weight representation,,,10,11
hamming_weight_interval,2,10,4,1,1,explicit Hamming-weight representation,,,10,11
hamming_weight_interval,2,10,5,0,0,explicit Hamming-weight representation,,,10,11
hamming_weight_interval,2,10,5,1,1,explicit Hamming-weight representation,,,10,11
hamming_weight_interval,2,10,6,0,0,explicit Hamming-weight representation,,,10,11
hamming_weight_interval,2,10,6,1,1,explicit Hamming-weight representation,,,10,11
hamming_weight_interval,2,10,7,0,0,explicit Hamming-weight representation,,,10,11
hamming_weight_interval,2,10,7,1,1,explicit Hamming-weight representation,,,10,11
hamming_weight_interval,2,10,8,0,0,explicit Hamming-weight representation,,,10,11
hamming_weight_interval,2,10,8,1,1,explicit Hamming-weight representation,,,10,11
hamming_weight_interval,2,10,9,0,0,explicit Hamming-weight representation,,,10,11
hamming_weight_interval,2,10,9,1,1,explicit Hamming-weight representation,,,10,11
symbol_set_interval,4,6,0,0,0,explicit count representation,,,6,7
symbol_set_interval,4,6,0,1,1,explicit count representation,,,6,7
symbol_set_interval,4,6,0,2,0,explicit count representation,,,6,7
symbol_set_interval,4,6,0,3,1,explicit count representation,,,6,7
symbol_set_interval,4,6,1,0,0,explicit count representation,,,6,7
symbol_set_interval,4,6,1,1,1,explicit count representation,,,6,7
symbol_set_interval,4,6,1,2,0,explicit count representation,,,6,7
symbol_set_interval,4,6,1,3,1,explicit count representation,,,6,7
symbol_set_interval,4,6,2,0,0,explicit count representation,,,6,7
symbol_set_interval,4,6,2,1,1,explicit count representation,,,6,7
symbol_set_interval,4,6,2,2,0,explicit count representation,,,6,7
symbol_set_interval,4,6,2,3,1,explicit count representation,,,6,7
symbol_set_interval,4,6,3,0,0,explicit count representation,,,6,7
symbol_set_interval,4,6,3,1,1,explicit count representation,,,6,7
symbol_set_interval,4,6,3,2,0,explicit count representation,,,6,7
symbol_set_interval,4,6,3,3,1,explicit count representation,,,6,7
symbol_set_interval,4,6,4,0,0,explicit count representation,,,6,7
symbol_set_interval,4,6,4,1,1,explicit count representation,,,6,7
symbol_set_interval,4,6,4,2,0,explicit count representation,,,6,7
symbol_set_interval,4,6,4,3,1,explicit count representation,,,6,7
symbol_set_interval,4,6,5,0,0,explicit count representation,,,6,7
symbol_set_interval,4,6,5,1,1,explicit count representation,,,6,7
symbol_set_interval,4,6,5,2,0,explicit count representation,,,6,7
symbol_set_interval,4,6,5,3,1,explicit count representation,,,6,7
symbol_set_threshold,4,6,0,0,1,explicit count representation,,,6,7
symbol_set_threshold,4,6,0,1,0,explicit count representation,,,6,7
symbol_set_threshold,4,6,0,2,1,explicit count representation,,,6,7
symbol_set_threshold,4,6,0,3,0,explicit count representation,,,6,7
symbol_set_threshold,4,6,1,0,1,explicit count representation,,,6,7
symbol_set_threshold,4,6,1,1,0,explicit count representation,,,6,7
symbol_set_threshold,4,6,1,2,1,explicit count representation,,,6,7
symbol_set_threshold,4,6,1,3,0,explicit count representation,,,6,7
symbol_set_threshold,4,6,2,0,1,explicit count representation,,,6,7
symbol_set_threshold,4,6,2,1,0,explicit count representation,,,6,7
symbol_set_threshold,4,6,2,2,1,explicit count representation,,,6,7
symbol_set_threshold,4,6,2,3,0,explicit count representation,,,6,7
symbol_set_threshold,4,6,3,0,1,explicit count representation,,,6,7
symbol_set_threshold,4,6,3,1,0,explicit count representation,,,6,7
symbol_set_threshold,4,6,3,2,1,explicit count representation,,,6,7
symbol_set_threshold,4,6,3,3,0,explicit count representation,,,6,7
symbol_set_threshold,4,6,4,0,1,explicit count representation,,,6,7
symbol_set_threshold,4,6,4,1,0,explicit count representation,,,6,7
symbol_set_threshold,4,6,4,2,1,explicit count representation,,,6,7
symbol_set_threshold,4,6,4,3,0,explicit count representation,,,6,7
symbol_set_threshold,4,6,5,0,1,explicit count representation,,,6,7
symbol_set_threshold,4,6,5,1,0,explicit count representation,,,6,7
symbol_set_threshold,4,6,5,2,1,explicit count representation,,,6,7
symbol_set_threshold,4,6,5,3,0,explicit count representation,,,6,7
lower_median,3,6,0,0,7,deterministic symmetric simulated annealing,20260810,20000,42,28
lower_median,3,6,0,1,0,deterministic symmetric simulated annealing,20260810,20000,42,28
lower_median,3,6,0,2,5,deterministic symmetric simulated annealing,20260810,20000,42,28
lower_median,3,6,1,0,7,deterministic symmetric simulated annealing,20260810,20000,42,28
lower_median,3,6,1,1,0,deterministic symmetric simulated annealing,20260810,20000,42,28
lower_median,3,6,1,2,5,deterministic symmetric simulated annealing,20260810,20000,42,28
lower_median,3,6,2,0,7,deterministic symmetric simulated annealing,20260810,20000,42,28
lower_median,3,6,2,1,0,deterministic symmetric simulated annealing,20260810,20000,42,28
lower_median,3,6,2,2,5,deterministic symmetric simulated annealing,20260810,20000,42,28
lower_median,3,6,3,0,7,deterministic symmetric simulated annealing,20260810,20000,42,28
lower_median,3,6,3,1,0,deterministic symmetric simulated annealing,20260810,20000,42,28
lower_median,3,6,3,2,5,deterministic symmetric simulated annealing,20260810,20000,42,28
lower_median,3,6,4,0,7,deterministic symmetric simulated annealing,20260810,20000,42,28
lower_median,3,6,4,1,0,deterministic symmetric simulated annealing,20260810,20000,42,28
lower_median,3,6,4,2,5,deterministic symmetric simulated annealing,20260810,20000,42,28
lower_median,3,6,5,0,7,deterministic symmetric simulated annealing,20260810,20000,42,28
lower_median,3,6,5,1,0,deterministic symmetric simulated annealing,20260810,20000,42,28
lower_median,3,6,5,2,5,deterministic symmetric simulated annealing,20260810,20000,42,28
